doctor_id,full_name,specialization,department_id,hospital_id,phone_no,record_start,record_end
D00001, Dr. Erik Jenkins_ _,Cardiology,DEP07,H04,,2023-03-06,
D00002,Dr. Tahmaseb Rabee,ENT,DEP09,H01,(738)770-9437x74452,2023-02-01,
D00003,Dr.  Catherine  Noble,Pediatrics,DEP02,H03,258-530-7237x9308,2023-04-30,
D00004,dr. jennifer aryan,Orthopedics,DEP09,H02,(456)826-9601X02185,2023-03-10,
D00005,Dr. Willi@m Tahaw-wur, Cardiology ,DEP08,H03,831-663-5588x915,2023-05-04,2023-11-15
D00006,Dr. zabir Mccoy,ENT,DEP09,H04,374.540.3246x54629,2023-05-11,2024-03-08
D00007,Dr. Yawar Ihsaan,Neurology,DEP01,H02,6727277957,2023-05-15,2024-01-20
D00008,dr.  jaffer   zaahid,Neurology,DEP04,H05,(599)556-2181,2023-06-14,
D00009,Dr. R@@mis T@hir,ORTHOPEDICS,DEP06,H02,+1-792-371-0258x3552,2023-04-10,2023-11-30
D00010,DR. DAANISH WAFEEQ,Pediatrics,DEP07,H02, (528)826-8593x52488 ,2023-04-11,2023-11-05
D00011,dr.  sara   barr,Neurology,DEP09,H01,647.378.0884,2023-04-16,2024-04-13
D00012,DR. BASHARAT LONG.,ent,DEP01,H01,377-299-9647x4769,2023-04-03,
D00013,"Dr.  mahmoud   j0hns0n ,",Pediatrics-,DEP09,H05,613.537.0526x0197,2023-02-17,2024-02-09
D00014,Dr. Debra osborn,oncology,DEP01,H01,001-893-385-2554,2023-06-24,2024-04-03
D00015,dr. ricardo long,Neurology,DEP03,H03,760.983.3610,2023-01-09,2023-08-14
D00016,Dr. jamaal Ross,neurology,DEP01,H05,7473593054,2023-05-03,
D00017,Dr. ALEX W@f@,Neurology,DEP01,H04,(824)209-0363,2023-04-07,
D00018,Dr. Awan J@@bir,ENT,DEP06,H02,001-938-342-0355x66025,2023-04-14,2023-12-29
D00019,DR. KARAM EVANS,ENT,DEP08,H05,955-934-2978x335,2023-05-28,
D00020,Dr. Fidvi Murr@y,Cardiology,DEP09,H02,202.866.2283,2023-05-08,
D00021,Dr.  Ghulam  MAHFUZ,pediatrics,DEP07,H02,251-506-6911x4367,2023-02-18,
D00022,dr. zahaar harrington,ENT,DEP01,H03,(661)898-5466x80154,2023-03-26,2024-01-14
D00023,Dr. Natalie Tabassum,Orthopedics,DEP03,H05,549-912-9246x91549,2023-04-19,
D00024,Dr. D@@ny@@l Knight,Oncology,DEP05,H05,+1-792-782-2282x830,2023-04-30,
D00025,Dr. Ghiyaath Ghutayf,neurology,DEP06,H02,8254122542,2023-05-06,
D00026,Dr. tabish Gonzales,ENT,DEP04,H03,982.367.4543x857,2023-06-05,
D00027,Dr. Zahri  gutierrez,oncology,DEP03,H03,(652)430-8678x95365,2023-01-03,
D00028,Dr. Robert Turner-,oncology,DEP04,H04,3855211513,2023-06-10,
D00029,Dr. L@iq_ K@chel@, Oncology ,DEP10,H01,+1-266-531-4444,2023-06-17,2024-03-25
D00030, Dr. luqmaan chapman ,Orthopedics,DEP05,H01,7397850458,2023-03-31,
D00031,Dr. stephanie  KABEER,Oncology,DEP10,H03,+1-424-923-2838x794,2023-01-04,2023-07-16
D00032,dr. christopher bullock,Orthopedics,DEP02,H04,+1-300-706-9823X632,2023-05-03,2024-04-04
D00033, Dr. matthew Taanish. , Neurology ,DEP04,H02, (686)904-2342 ,2023-02-08,
D00034,DR. TAARIQ- WAAHID,cardiology,DEP09,H03,6027374395,2023-03-16,
D00035,Dr. Misty Valdez,Oncology,DEP10,H03,869-713-2317x98874,2023-01-12,2024-01-04
D00036,Dr. Huzaifa Gulshan,Oncology,DEP08,H02,001-795-501-1622x19802,2023-03-04,2023-12-23
D00037, dr. marcia aazim ,Pediatrics,DEP04,H05, 001-844-264-4207 ,2023-06-18,2023-12-21
D00038,Dr. Saabir Sair,ENT,DEP10,H03,001-641-379-5761x35081,2023-01-09,2023-09-23
D00039,Dr. Arthur Ubadah,Neurology,DEP04,H03,001-555-264-3236x77083,2023-05-25,2024-05-08
D00040,Dr. Dylan Saal,orthopedics,DEP06,H03,536.645.7282,2023-04-08,2024-01-03
D00041,DR. DAVID TAHMASEB,Pediatrics,DEP09,H05,(823)294-1976x2024,2023-04-20,2024-01-22
D00042, Dr. Tahawwur  LUQMAN ,Orthopedics,DEP09,H04,928.370.1449x8245,2023-01-17,2023-10-11
D00043,Dr. Dameer- Stevens, Orthopedics .,DEP04,H02,3362932759,2023-06-16,
D00044,Dr. Savannah Hughes, pediatrics ,DEP01,H05,(907)979-0544,2023-02-01,
D00045,Dr. Kenneth Barber,Oncology,DEP07,H02,475.616.1477x413,2023-03-11,
D00046,dr. anthony najam,Pediatrics,DEP08,H03,+1-733-928-3741x8698,2023-04-13,
D00047,dr. zaheer grant,ENT,DEP02,H05,840-591-0865x3896,2023-02-17,
D00048,Dr. Jade Aryan,Oncology,DEP05,H03, +1-499-899-5049 ,2023-06-24,2024-02-29
D00049,Dr. LABEEB  Tahir,cardiology,DEP06,H02,+1-872-881-4113x71109,2023-03-15,
D00050,Dr. erin Woods,Pediatrics,DEP01,H05,,2023-05-04,2024-01-22
D00051,Dr. Stephen Ghauth,Pediatrics,DEP01,H01, (465)639-4355 ,2023-04-29,2024-02-12
D00052,Dr. Tiffany Estes, ent ,DEP02,H04, 741-607-6194X30832 ,2023-03-24,2024-01-15
D00053,dr. parsa martin, ENT ,DEP07,H02,315-448-2572_,2023-04-15,
D00054,Dr. MICHAEL Weaver,Orthopedics,DEP09,H05,(714)727-1611,2023-05-27,2023-12-19
D00055, Dr. rick Ghafoor ,neurology,DEP08,H03,429.321.7392,2023-02-11,2023-11-08
D00056,Dr. Yaqeen Talal,Cardiology,DEP01,H01,382-775-8197,2023-03-29,
D00057,dr. gh@zi nielsen,Oncology,DEP10,H05,(552)941-8503,2023-01-26,
D00058, DR. IKRIMAH PITTMAN ,ENT,DEP02,H01, (737)327-2037x483 ,2023-05-10,
D00059,Dr. Bryce AAMIL,Cardiology,DEP02,H02,7295783651,2023-01-04,2023-12-01
D00060,Dr. FELICIA Zuwayhir,Pediatrics,DEP09,H04,5723820591,2023-02-01,
D00061,Dr. kiara Garcia,PEDIATRICS-,DEP10,H02,412-593-3363x06127,2023-06-26,
D00062,Dr. Joseph Ubay,Pediatrics,DEP01,H02,001-742-927-8445x054,2023-04-06,2024-01-14
D00063,dr. lisa qadeer,Orthopedics.,DEP07,H01,001-790-625-4126x43583,2023-04-05,2023-10-09
D00064,Dr. Lutfi  Ihab,Pediatrics,DEP10,H04, +1-825-767-3288x33229 ,2023-01-27,
D00065,Dr. Brandon  Espinoza _, orthopedics ,DEP06,H01,001-521-875-7763,2023-03-13,
D00066,dr. elizabeth johnson,Pediatrics.,DEP08,H01,+1-709-878-3428,2023-01-01,2023-08-12
D00067,Dr. Etizaaz Green-,orthopedics,DEP05,H02, 001-621-236-2772X9029 ,2023-03-17,2023-10-19
D00068,Dr. Liban Ubaadah,cardiology,DEP05,H05,777-381-5806,2023-02-10,2023-11-20
D00069,dr. lynn aarif,PEDIATRICS,DEP03,H01,920-263-9373x0449,2023-01-10,2023-12-06
D00070,Dr. nafees Miles,ENT,DEP04,H05,(642)802-1627x23405,2023-06-13,2024-02-04
D00071,Dr.  zaahir  Rabb,ENT,DEP08,H01,(579)539-8804x70570,2023-01-04,
D00072, Dr. Melvin Wafeeq , Cardiology ,DEP03,H02, 387-241-5862x4138 ,2023-03-23,2024-03-10
D00073,DR. BALEEGH MOLINA,Neurology,DEP10,H02,001-928-998-6695x3800,2023-06-17,2024-03-13
D00074,Dr. N@eem Hint0n, Orthopedics ,DEP03,H05,(953)719-2554,2023-01-15,
D00075, Dr. Kari Graham ,oncology,DEP02,H04,,2023-03-18,2024-02-10
D00076, Dr. TALHAH RICHARDS ,Cardiology,DEP04,H01,(861)426-6086,2023-01-12,
D00077,Dr. Ubadah naeem,Oncology,DEP02,H02,(623)268-3729x5544,2023-02-16,
D00078,"Dr. Jerry, watson",Pediatrics,DEP04,H01,(854)215-6409x92743,2023-03-12,
D00079,"Dr. Melissa, Bennett",orthopedics,DEP04,H04,001-832-679-6503x4395,2023-04-07,2023-11-03
D00080, Dr.  jennifer  Saafir ,ENT,DEP06,H01,702-639-1745x416,2023-01-21,2023-11-21
D00081,Dr. ROBERT HANSEN,cardiology,DEP08,H05,001-749-584-1303x1539,2023-02-09,2023-11-16
D00082,DR. HAILEY RABBANI,ENT,DEP07,H05,+1-682-411-4930x2707,2023-04-15,
D00083, Dr. Bryan Umair _,neurology,DEP04,H05,671.593.4848x91758,2023-04-13,2024-03-31
D00084,Dr. Liyaqat Omar,Pediatrics,DEP07,H03,210-965-1795,2023-03-25,
D00085,dr. jeffrey rivera,Orthopedics,DEP10,H03,+1-523-423-9296x66034,2023-03-07,
D00086,dr.  ghauth  f0rd,Cardiology,DEP02,H02,6473008052,2023-03-22,
D00087,dr. guney bailey,neurology,DEP03,H04,8303164866,2023-05-26,
D00088,dr. susan omeir, Pediatrics ,DEP03,H04,001-765-628-7872x422,2023-06-19,2024-02-12
D00089,Dr. Wahban Jahdari,ENT,DEP08,H01,(454)316-8445,2023-06-30,
D00090, Dr. Ghazanfer Hoffman ,Oncology,DEP05,H05,+1-829-402-3531x892_,2023-06-20,
D00091,Dr. A@shif Payne.,Pediatrics,DEP04,H05,(556)613-0301x2397,2023-01-11,2023-12-27
D00092,DR. AATIF OWAIS,Orthopedics,DEP10,H04,364-454-5706x29842,2023-04-05,2023-11-24
D00093,Dr. daawood fox,Oncology,DEP07,H02,+1-803-912-7040,2023-05-14,2024-04-22
D00094,Dr. Jennifer Nguyen,Neurology,DEP10,H05,669.541.2674,2023-04-02,
D00095, Dr.  Aatiq   Wadood ,Pediatrics,DEP04,H02,001-482-389-2288,2023-03-02,2024-02-03
D00096,Dr. Ossama Limazah,Oncology,DEP01,H05, 731-402-6547 ,2023-05-03,2024-03-30
D00097,Dr. Zachary Talib,Neurology,DEP08,H02, 793-716-0175x96706 ,2023-02-03,
D00098,Dr. ryan Wise,ENT,DEP08,H04,(421)358-9405x501,2023-02-28,
D00099,Dr. Brend@ Rafay,Pediatrics,DEP02,H02,,2023-06-15,2023-12-12
D00100,dr.  alicia  garza, oncology ,DEP07,H05,+1-516-588-6850x90569,2023-03-28,2023-11-08
D00101,DR. ELIZABETH TALAL,ENT,DEP08,H04,(941)771-5185,2023-05-30,2024-04-27
D00102," Dr.  Mahbub  qusay, .",ENT,DEP10,H04,260-398-7778x177,2023-03-20,
D00103,Dr.  Nabeel  Miller,Neurology,DEP06,H04,3786238298,2023-01-19,2023-12-13
D00104,Dr. Aarif Auraq,Oncology,DEP04,H01,+1-214-605-2923x8303,2023-04-12,2023-11-17
D00105, dr. adam bates ,Oncology,DEP05,H03,+1-415-316-6509,2023-03-07,2024-02-19
D00106,Dr. Raakin Ihab,pediatrics,DEP06,H01,+1-914-632-0995x9304,2023-04-07,
D00107,dr. nathan gohar,oncology,DEP02,H04,339.627.9439x29456,2023-03-21,
D00108,Dr. Saalim Rafeek,NEUROLOGY,DEP05,H03,+1-507-458-7807,2023-05-05,2024-03-31
D00109,Dr. Justin idris,Pediatrics,DEP04,H03,(543)256-2298x3024,2023-06-10,
D00110,Dr. Andrea  Randolph,Pediatrics,DEP06,H03,6913895570,2023-02-20,
D00111,Dr.  Daanyaal  hansen,Oncology,DEP10,H01,+1-958-464-8466x71173.,2023-01-01,
D00112,Dr. Ubaydullah Murphy,Orthopedics,DEP08,H03,5489586995,2023-01-11,
D00113,Dr. Tahoor Guerra,Cardiology.,DEP09,H02,949-616-6900,2023-06-21,
D00114,Dr. jessica Aabid, cardiology ,DEP01,H05,+1-850-305-9974X15111,2023-04-25,
D00115,DR. MAHJA MOLINA,Neurology,DEP01,H05,(205)327-3944,2023-04-15,
D00116, dr. mallory  hays ,Pediatrics,DEP03,H03,984-233-6825x9796,2023-05-04,2024-02-11
D00117,Dr. stacey Gulshan,Orthopedics,DEP01,H03,5682915550,2023-03-06,2023-09-20
D00118,dr. heather carter-_, Oncology ,DEP08,H04,591.922.3025x805,2023-03-22,
D00119,Dr.  Ghiy@th  Sair,ONCOLOGY,DEP05,H01,,2023-02-15,2023-11-23
D00120,Dr.  Ghaith  Baleegh,NEUROLOGY,DEP02,H04,816.499.8923,2023-04-30,
D00121,Dr. pamela  Owais,Pediatrics,DEP06,H05,766.582.1484x4063,2023-04-30,
D00122,Dr. Saaqib Griffith,Oncology,DEP03,H04,(229)200-1083x321,2023-01-07,2023-12-17
D00123, Dr. Kevin Ghunayn ,NEUROLOGY,DEP10,H02,001-488-868-7860,2023-04-03,2024-03-06
D00124,Dr. Umar H@rdin,Neurology,DEP07,H02,+1-704-526-6892x175,2023-03-27,2023-09-29
D00125, Dr. Sean Ghayoor ,orthopedics,DEP01,H01,792.480.1158,2023-06-06,
D00126,DR.  HAZEEM  LAJLAJ,ent,DEP06,H02,(831)319-7830x079,2023-01-12,
D00127,Dr.  JONATHAN  Majd,Orthopedics,DEP06,H05,897.349.0689x91020,2023-06-21,
D00128,Dr. elizabeth ihsaan,Cardiology-,DEP04,H03,001-672-427-8162x1281,2023-05-18,2024-02-28
D00129,dr. lee barr,pediatrics,DEP08,H03,(658)769-6235x13348,2023-06-19,
D00130,dr. yureed moyer,Cardiology,DEP01,H03, 357.979.9147 ,2023-05-01,2024-04-01
D00131,Dr. Melissa  Sadan,Orthopedics,DEP08,H03,001-663-600-2094x520,2023-03-14,2024-01-28
D00132,Dr. basir Barber,Cardiology,DEP07,H04,829.427.0896x0590,2023-02-17,
D00133,Dr. urrab Qadeer-,Neurology,DEP09,H02,001-937-990-0104,2023-01-20,2023-09-28
D00134,Dr. Zuw@yhir z@@fir,Neurology-,DEP05,H03,636-979-2637x8752,2023-06-03,
D00135,Dr. Zayan Fox,cardiology,DEP06,H04,,2023-05-25,
D00136,"Dr. umaarah, Esfandyar",NEUROLOGY,DEP10,H01,(381)790-9923,2023-02-28,
D00137,Dr. Lut Aasif,ENT,DEP09,H03,001-944-757-1694x393,2023-06-22,2024-06-02
D00138,dr. kawkab wyatt,"ent,",DEP07,H01,001-733-923-3705x36489,2023-06-30,2024-02-22
D00139,dr. qamar  aarif,CARDIOLOGY,DEP07,H05,(417)972-6081x32010,2023-04-07,
D00140,Dr. Brittany Zaahid, Pediatrics ,DEP10,H01,854.504.6732x4479,2023-02-24,
D00141, Dr. Idrees jones ,ENT,DEP05,H01,001-402-704-8541x01558,2023-02-08,
D00142,Dr. EL-AMIN Aamir,cardiology,DEP02,H05,+1-733-778-5435X677,2023-01-21,
D00143,Dr. t@@nish DOUGLAS,Oncology,DEP04,H03, 001-623-734-8589x27371 ,2023-04-11,
D00144,Dr. Michael Basheerah,Pediatrics_,DEP10,H04,,2023-03-03,2024-01-14
D00145,Dr. Robert Perez,Pediatrics,DEP09,H05,001-381-809-8311x76559,2023-01-18,2023-10-28
D00146,Dr. KAREN nabih, ENT ,DEP07,H04,587-345-3923x8127,2023-06-16,2024-03-07
D00147,Dr. Baseer Awamil,PEDIATRICS,DEP07,H05,432.609.4551x4467,2023-06-16,2023-12-24
D00148, Dr. Azban Owais- ,Cardiology,DEP04,H05,001-433-766-4910x3377,2023-01-21,2023-08-15
D00149,DR. MAHDEE NABIH,Oncology,DEP03,H01, 001-324-369-6520x008 ,2023-06-16,
D00150,Dr. Candice Jones,Pediatrics,DEP07,H03,422.828.9747x70256,2023-05-01,
D00151,Dr. Aahil Taimur,Cardiology,DEP09,H01,318.947.4752x591,2023-03-01,2023-11-27
D00152,Dr. DANISH Zackariya,Neurology,DEP06,H04,397-234-1792x64333,2023-05-06,2023-12-26
D00153,DR. GHULAM BABAR,Orthopedics,DEP05,H01, 651.820.9915 ,2023-05-15,2024-02-20
D00154,dr. christopher damurah,ENT,DEP10,H05,279-873-9034x57214,2023-01-05,
D00155,Dr. paul Calderon,Neurology,DEP08,H04,922.548.0434x55627,2023-06-17,
D00156, dr. ihtesham qadar ,Oncology,DEP04,H04,928.914.5351x7211,2023-01-06,2023-12-28
D00157,Dr. Wafiq Saad,neurology,DEP02,H04,(697)684-5672x76866,2023-02-05,2023-12-15
D00158,dr. baaree diaz,Pediatrics,DEP01,H04,533-284-5571,2023-04-05,2023-12-20
D00159,Dr. Gail FIDVI,Neurology,DEP06,H04,(997)640-7250x56290,2023-04-14,
D00160,Dr.  awmar  Ijli,ENT,DEP02,H03,558.538.6160x60395,2023-01-02,
D00161,Dr. Kashif Iftikhaar,orthopedics,DEP08,H04,001-845-255-3529x81511,2023-06-23,
D00162,Dr. Ibn Ghutayf,Pediatrics,DEP08,H03,001-690-342-3263x78767,2023-05-23,2024-01-17
D00163, DR. ETIZAAZ ZAAHID ,CARDIOLOGY,DEP08,H02,(616)348-2529,2023-02-24,2023-11-23
D00164,Dr. Mario. Harris,neurology,DEP05,H03,805.293.7799x86973,2023-05-21,2023-11-23
D00165,Dr. ELAF SIMS,PEDIATRICS,DEP03,H03, 253.287.2379 ,2023-04-16,
D00166,"Dr. Tahoor Mahmoud,",Cardiology-,DEP01,H01,001-568-401-5851x473,2023-03-30,2024-01-02
D00167,DR. ROBERT GRIMES,Cardiology,DEP09,H02,+1-346-392-5494x44155,2023-02-18,
D00168,Dr.  kelsey  Rabbani,Orthopedics,DEP02,H01,648.357.7119,2023-05-22,2024-01-27
D00169,Dr. Aahil Ghutayf,ENT,DEP07,H04,+1-883-379-4121x6685,2023-04-30,2023-12-27
D00170,Dr. James Graham,Orthopedics,DEP06,H02,(426)552-7148,2023-04-29,2023-11-05
D00171,"Dr. Maher Barr,_",Pediatrics,DEP06,H03,797-576-5628x66564,2023-05-14,2024-02-03
D00172,Dr. Ghiyath T@imur,ORTHOPEDICS,DEP10,H01,+1-224-542-6279,2023-03-17,
D00173,Dr. Christine  Aguilar,Orthopedics,DEP08,H03,987.776.4552,2023-01-22,
D00174,dr. malik ortiz,Orthopedics,DEP04,H01,545.287.2585x2415,2023-01-16,2024-01-07
D00175,Dr. Aatif olson,cardiology,DEP10,H02,321-235-7616,2023-04-27,
D00176,DR. SAAL QAIS,Neur0l0gy,DEP03,H02,,2023-03-31,2024-01-16
D00177,Dr. Justin howe, ENT ,DEP09,H03,(217)404-9384,2023-02-11,
D00178,Dr. Ubadah DANIELS,Neurology,DEP03,H03,2745005052,2023-05-24,
D00179,dr. erik webb,ent,DEP07,H01, 605-564-3977x7906 ,2023-04-14,2023-11-25
D00180,Dr. QUDOOS jaabir_,pediatrics,DEP01,H05,231.784.0526,2023-04-10,
D00181,"dr.  jessica , zafar",Cardiology,DEP09,H04,001-400-878-6178x1588,2023-01-05,2023-10-16
D00182,DR. CHRISTINE BAASIM,Pediatrics,DEP08,H05,+1-384-895-3183x8291,2023-04-04,2023-12-16
D00183,Dr. David Ihtiram,ONCOLOGY,DEP01,H01,,2023-05-24,2024-01-03
D00184,Dr. Urrab Shelton,Orthopedics,DEP09,H03,917-585-3681x95492,2023-06-07,2024-01-24
D00185,Dr. Saad  Qadar,Cardiology,DEP02,H01,968.339.5731,2023-04-05,
D00186,Dr. Ayyubi Taylor,orthopedics,DEP02,H05,(474)408-7230x8054,2023-02-05,2023-11-08
D00187, Dr. Badr carpenter_ ,ORTHOPEDICS,DEP05,H05,(686)985-7282x2833,2023-04-04,2024-01-09
D00188,dr. steven luay.,Neurology,DEP01,H02,(479)561-4696x614,2023-05-16,2023-11-19
D00189,Dr. Luqman Bryant,ent,DEP04,H04,+1-888-250-5141x17720,2023-01-24,2023-08-26
D00190,Dr. Zaheer SAAQIB,Oncology,DEP06,H04, 562-305-2443 ,2023-06-10,
D00191,dr. tyler najeeb,Oncology_,DEP07,H02, 001-796-692-8593x018 ,2023-01-23,2023-12-01
D00192,dr. ikramah liu,Oncology,DEP09,H04,+1-778-895-7777x1333,2023-01-28,
D00193,Dr. TAHMASEB petersen, cardiology ,DEP01,H01,494-880-1188x5480,2023-03-26,
D00194,Dr. Andre@ Brock,Cardiology,DEP05,H02,+1-471-298-3286x68968,2023-03-31,
D00195,Dr.  ghauth   Graves .,orthopedics,DEP07,H05,944.393.8305x095,2023-04-06,
D00196, dr. derek tahaw-wur ,Pediatrics,DEP03,H02,390.278.6467,2023-04-09,2023-10-20
D00197,Dr. ALEX  H@yes,Orthopedics,DEP04,H02,5017081610,2023-01-07,2023-10-17
D00198,Dr. Zaweel Raatib.,Cardiology,DEP01,H04,3559050971,2023-05-24,
D00199, Dr. Aarif  ramos ,Neurology,DEP02,H02,968.699.7561,2023-04-24,
D00200,Dr. DWAYNE Taaj,Cardiology,DEP03,H02,001-962-892-5519x7972,2023-06-07,
D00201,Dr. MELVIN Taheem-,Orthopedics,DEP05,H03,+1-542-443-5685x0302,2023-01-28,2023-12-22
D00202,Dr. Lutfi glover,Oncology,DEP09,H04,001-281-689-8966x50787-,2023-01-03,2023-11-09
D00203,Dr. yaman Barnes,Oncology,DEP03,H02,265.934.2434,2023-03-23,2024-02-17
D00204,Dr. Katherine Mcmahon,neurology,DEP10,H03,001-717-212-1359x361,2023-03-13,2023-10-13
D00205, Dr. Ulfat_ franco ,Orth0pedics,DEP10,H01,+1-807-211-7806x0100,2023-04-08,
D00206, dr. j@hm kaleem , Oncology ,DEP03,H04,(516)967-6405,2023-02-25,2024-01-02
D00207,dr. badr udeen kaamil,orthopedics,DEP09,H02,(579)480-3494,2023-03-26,2023-12-30
D00208,Dr. C0lt0n Qahtan,Neurology,DEP02,H03,,2023-06-05,
D00209,Dr. Amber RUSSO, Pediatrics ,DEP07,H04,230.218.3027,2023-05-10,
D00210, Dr. Idris H@ll ,ENT,DEP09,H02,812-230-1622x646,2023-03-24,
D00211,dr. basheerah  qahtan, Neurology ,DEP10,H01,686-864-0523x2082,2023-06-23,2024-04-05
D00212,dr. eileen rabb,ent,DEP08,H02,001-340-610-9987x43936,2023-02-28,2023-10-17
D00213,Dr. Richard Williams,ent,DEP03,H01,3486489274.,2023-05-14,
D00214,dr. p@trici@_ t@hir,Orthopedics,DEP03,H04,256-595-3834x57362,2023-03-08,
D00215,dr. mahdi qaim,Cardiology,DEP05,H05,468-922-6038x107,2023-01-24,2023-07-26
D00216,Dr. Christopher Wadi, Orthopedics ,DEP07,H01,,2023-01-27,2023-12-07
D00217,dr. ubayd miller,Oncology,DEP02,H01,6125014036,2023-03-02,2023-12-31
D00218,Dr. Parsa Wagner,ent,DEP03,H03,(931)995-7454x8709,2023-03-17,2023-12-30
D00219,Dr. Steven qadar,Oncology,DEP10,H03,448.486.4459,2023-03-17,2024-01-05
D00220, Dr. shelby Hensley ,Cardiology,DEP06,H03,9302327489,2023-04-24,2023-12-31
D00221,Dr. Attaf Aamirah,Orthopedics,DEP03,H02, 635.870.5863x69260 ,2023-01-08,
D00222,Dr. Stacey Auraq,Orthopedics,DEP10,H02, 001-250-517-7377x195 ,2023-06-24,2024-04-23
D00223,Dr. Melissa watson,ENT,DEP03,H03,001-780-275-3451x36720,2023-03-24,
D00224,Dr. Gulfam Saajid,Cardiology,DEP07,H01,2613301478,2023-01-26,2023-11-13
D00225,Dr. Amy wright,ENT,DEP03,H04,,2023-01-11,
D00226,DR. JASON  CHANDLER,neurology,DEP03,H05,(441)852-5589x0000,2023-02-13,
D00227,Dr. john Trujillo,ENT,DEP09,H03,,2023-04-30,
D00228,Dr. Mizhir Wilson,ENT,DEP07,H02,876.333.5337,2023-03-08,
D00229,Dr. Ghufran SABUR,Cardiology,DEP03,H03,(483)365-0979,2023-04-15,2023-10-24
D00230,Dr. erika Dixon,Oncology,DEP03,H03,5154569040,2023-03-21,2023-11-07
D00231,Dr. M@rth@ Idris,orthopedics,DEP07,H01,487-471-8098x97439,2023-01-31,2023-10-19
D00232,dr. john  ijli,Pediatrics,DEP01,H01,808-362-2631x2278,2023-06-26,2024-01-01
D00233,Dr. benjamin R@bi@h.,c@rdi0l0gy,DEP02,H04,+1-301-213-5447x906,2023-05-13,
D00234,Dr. gh@ith KELLY,pediatrics,DEP01,H04, 001-960-937-4045 ,2023-04-27,
D00235, dr. laura saajid ,Neurology,DEP06,H01,(241)352-2221x86896,2023-03-04,2023-10-19
D00236,Dr. Susan Davis,orthopedics,DEP05,H05,+1-802-439-8953x8280,2023-04-02,
D00237,Dr. Zafeer Lee,neurology,DEP10,H04,,2023-02-07,
D00238,dr. ulfat  hanson,ORTHOPEDICS,DEP01,H05,+1-524-672-7920,2023-03-06,
D00239, Dr. Douglas Martinez ,Pediatrics,DEP02,H05,325-733-1010X462,2023-03-28,2024-03-09
D00240,Dr. Timothy Sadeed,Pediatrics,DEP04,H02,+1-223-494-1609X911,2023-05-18,2024-03-23
D00241,Dr. rabb Gomez.,ent,DEP10,H03,+1-998-585-1519_,2023-01-23,2023-08-06
D00242,Dr. michelle- Tate,ENT,DEP06,H03,+1-535-508-3514x4021,2023-03-22,
D00243,Dr. Ali BARR,Pedi@trics,DEP09,H02,(531)432-9624x563,2023-03-23,
D00244,Dr. Omar Sadan,Oncology,DEP05,H05,691.526.2177x821,2023-06-27,
D00245,Dr. Amanda Williams,Cardiology,DEP01,H01,(238)337-5758x197,2023-01-04,2023-08-16
D00246,Dr. William CONTRERAS,"ent,",DEP10,H02,+1-778-552-3595,2023-01-07,2023-09-16
D00247, dr. naasih tr@vis ,oncology,DEP08,H05, (675)925-9113 ,2023-02-10,2024-02-05
D00248,dr. gulshan monroe,Orthopedics,DEP06,H05,+1-737-436-5859X053,2023-04-15,2024-02-12
D00249,dr. rhonda  ali, ENT ,DEP04,H05,756.771.0664,2023-06-29,
D00250,dr. awj yahyaa, ENT ,DEP10,H04,(944)234-8675x153,2023-04-29,2023-11-30
D00251,Dr.  Annette  luay,Pediatrics,DEP07,H05, +1-231-724-5821x1224 ,2023-02-14,2023-10-29
D00252,Dr.  Aimee   ayaan,orthopedics,DEP05,H03,001-669-662-6725x572,2023-05-11,2024-03-28
D00253,Dr. Jalaal R@@shid, Pediatrics ,DEP02,H04,(655)407-5273x1411,2023-06-12,2024-02-11
D00254,Dr. Jafar  Zuwayhir,Oncology,DEP02,H01,+1-632-730-0838,2023-04-09,2023-10-25
D00255,Dr. Q@wee H@nsen,Pediatrics.,DEP01,H04,668-978-0278,2023-01-08,2023-08-19
D00256, Dr. Savannah Tahawwur ,ent,DEP02,H03,756.908.8966,2023-06-24,2023-12-30
D00257,Dr. matthew_ Smith,NEUROLOGY,DEP01,H01,+1-635-990-1274,2023-02-07,2023-12-15
D00258,dr.  perv@iz  ibraaheem,pediatrics,DEP05,H02,001-632-742-9772,2023-01-02,
D00259,Dr. Eric SAAD,0nc0l0gy,DEP05,H01,5448478180,2023-04-05,2024-02-06
D00260,Dr.  Rafiq  aasif,Oncology,DEP02,H01, 964.666.5026x7229 ,2023-01-14,2023-08-01
D00261,Dr. Brend@n Gutierrez, Oncology ,DEP05,H01,001-575-297-1200x7073,2023-03-13,2023-11-05
D00262,DR. KAREEM LAHIAH,Oncology,DEP01,H03,+1-906-369-0944x438-,2023-04-26,2023-12-01
D00263,Dr.  kazi  Qais,Cardiology,DEP09,H01,955-754-2649,2023-01-28,2023-10-01
D00264, Dr. kelsey MCCORMICK , oncology ,DEP08,H02,491.206.5429,2023-06-13,2024-02-02
D00265,DR. RAED MORAN,C@rdi0l0gy,DEP05,H01,+1-675-332-5009,2023-01-26,
D00266,Dr. awani Umaarah,Pediatrics,DEP06,H02,(624)206-2062x358,2023-05-27,
D00267,dr. shannon kaamil, Neurology ,DEP01,H03,+1-598-839-2821x3563,2023-06-21,
D00268,Dr. Rohaan Oliver, Neurology ,DEP01,H01,+1-601-249-7127x5437,2023-06-01,2024-01-15
D00269,Dr. Debra Collins,neurology,DEP02,H02, 878.273.8334x293 ,2023-01-27,2023-09-02
D00270,Dr. PAUL mahfuz,ENT,DEP03,H02,925-271-2136x2888.,2023-06-29,
D00271,Dr. Raaghib Awadil,neurology,DEP06,H03,(502)785-4816,2023-03-29,
D00272,Dr. Saajid Taheem,ENT,DEP02,H03, 001-588-645-2115x89446 ,2023-06-19,2024-06-17
D00273,Dr. Amy  Murphy,oncology,DEP04,H05,001-751-856-1203,2023-06-04,2023-12-04
D00274,DR. QUDOOS ZAFRUL,Orthopedics,DEP04,H01,(897)626-2065x23126,2023-03-29,2023-10-19
D00275,Dr. ayyubi Aaaqil,Pediatrics,DEP04,H03,6582907608,2023-02-06,
D00276, Dr. Rachel WILLIAMS- ,Neurology_,DEP07,H02,(593)806-7914,2023-05-28,
D00277,dr. kauthar huzaifa,NEUROLOGY,DEP10,H05,4742543676,2023-02-01,
D00278,dr. maroof. jones,ORTHOPEDICS,DEP07,H03,001-323-677-2270x1366,2023-01-05,
D00279,Dr. Tali Steele,C@rdi0l0gy,DEP06,H04,+1-322-362-6468,2023-05-03,
D00280,Dr. Kafeel Martin,Pediatrics,DEP04,H04,+1-694-393-7021x9464,2023-04-19,2024-01-25
D00281,dr. dylan graham,Pediatrics,DEP01,H05,715.721.2889x3842-,2023-05-24,
D00282,Dr. GOHAR RODRIGUEZ,ent,DEP04,H05,(227)961-6911,2023-05-11,
D00283,dr. zaahid lambert,Oncology,DEP10,H04,809-795-9118x493,2023-01-08,2023-10-02
D00284,dr. kaleem williams.,"Pediatrics,",DEP10,H01,+1-777-977-1813x84388,2023-01-06,2023-12-12
D00285, Dr. lydia Matthews ,Oncology,DEP06,H02,425-517-9673x62101,2023-02-04,2023-10-29
D00286,Dr. Yasir Ghafoor,ORTHOPEDICS,DEP07,H03,,2023-02-21,2023-10-25
D00287,dr. nail levine,Onc0l0gy,DEP06,H02,535-739-8016x4664,2023-03-08,2023-10-31
D00288,Dr.  zauqi  warren,Pediatrics,DEP08,H01,+1-782-795-9026,2023-02-17,2023-11-24
D00289,dr. melissa basaam,ENT,DEP02,H02,333-927-4317x89375,2023-01-29,2023-08-29
D00290,"DR. JENNY PETERSON,",Neurology,DEP04,H05,7509830647,2023-01-28,2023-10-26
D00291,Dr.  Kevin  Oneal,cardiology,DEP04,H01,534.276.7971X15337,2023-01-25,2023-08-20
D00292, Dr. Y@did  ortiz ,0rth0pedics,DEP08,H02,438-840-2744,2023-05-21,2023-12-30
D00293,Dr.  Aasif  Sabil,Orthopedics,DEP02,H01,975.615.7409,2023-03-18,2024-01-23
D00294,"dr. aafiya naeem,",Cardiology,DEP08,H04,(395)764-9559x826,2023-04-10,
D00295,Dr. thomas Liyaaqat,ENT,DEP02,H01,001-748-789-3428,2023-01-28,2024-01-11
D00296,Dr. M@tthew W@di,Orthopedics,DEP09,H01,891.253.6230x9476,2023-05-25,
D00297,DR.  GHANEE  COLLINS,Oncology,DEP01,H05,849-330-7018,2023-03-02,
D00298,DR. WAHAB  MILLS,Oncology,DEP03,H02,499.789.3346x0322,2023-05-13,
D00299,Dr. Stephen  Peters, ENT ,DEP09,H01,454-377-6747X4162,2023-05-16,
D00300, Dr. @ndrew Sadaqat ,Orthopedics,DEP06,H01, 001-655-866-6890 ,2023-01-18,
D00301,dr. qatadah  rivera,Orthopedics,DEP01,H03,(712)927-7123x40543,2023-04-18,2023-10-27
D00302,Dr. David Hanson,Neurology,DEP09,H01,9786753992,2023-03-17,2023-12-13
D00303,DR.  RENEE   RUSSO,neurology,DEP06,H02,001-810-405-3528_,2023-02-19,2023-12-06
D00304,Dr. basil SABAH,ENT,DEP06,H05, 734-478-3001x1070 ,2023-05-22,
D00305, Dr. CLARENCE P0well ,Orthopedics,DEP03,H04,432-464-2574x1378,2023-02-16,
D00306,Dr. Jonathon Lyons,Cardiology,DEP02,H01,(550)801-9920,2023-05-16,
D00307,Dr. Ch@rles Qahtan, ENT ,DEP04,H02,3664763286,2023-03-26,2023-10-10
D00308,dr. rafay haas,orthopedics,DEP08,H04,001-608-292-6602x93819,2023-05-24,2024-04-06
D00309,dr. russell m@@wiy@,neurology,DEP05,H03,943-437-2018x570.,2023-01-18,
D00310,Dr. Raamiz jaabir,Neurology,DEP07,H03,+1-759-891-4539x97568,2023-04-16,2024-01-16
D00311,Dr. Mahfooz  Jones.,Neurology,DEP03,H01,+1-356-362-5464,2023-02-09,2023-08-18
D00312,Dr. Umair Ayamin, ENT ,DEP04,H01,(525)326-8366,2023-05-06,
D00313,Dr. Tishk Wadi,oncology,DEP09,H02,(734)570-2272x9862,2023-02-16,
D00314,Dr.  Qaasim  Nabeel,Pediatrics,DEP07,H04,001-540-318-3374x7340,2023-03-30,
D00315,Dr. Omeir Mccoy,Cardiology,DEP10,H02,(568)944-0840x8122,2023-02-10,
D00316,Dr. Tara  Liyaaqat,Orthopedics,DEP02,H05,(546)308-2820,2023-05-07,
D00317,Dr. eric Briggs,ORTHOPEDICS,DEP03,H02,7086527585,2023-06-09,2024-03-21
D00318,Dr. Travis qasif,Orthopedics,DEP05,H03,001-645-557-7460x79477,2023-03-31,2024-02-22
D00319,dr.  ghaith  zahrun,Cardiology,DEP03,H02,794-447-7752x70184,2023-01-14,2023-09-07
D00320,Dr. QADAR hanson,Neurology,DEP08,H02,+1-243-604-7232,2023-01-30,2024-01-15
D00321,Dr. Kashan jacobs,ENT,DEP09,H01,847.622.1944x25509,2023-05-14,2024-03-28
D00322, Dr.  Lutf  Baker ,Neurology,DEP05,H05,221.698.2924x0438,2023-06-04,2024-05-11
D00323,Dr. Danielle Romero,Neur0l0gy,DEP01,H01,873-370-9200x37303,2023-01-02,2023-11-16
D00324,dr. fazli aasim, ONCOLOGY ,DEP02,H05,(665)959-4018,2023-06-15,2024-02-21
D00325,DR. KYLE SAIR,Oncology,DEP10,H04,(213)962-5707,2023-03-02,2024-02-16
D00326,Dr. BIROUSK Limazah_,Neurology,DEP07,H04,885.895.1009x882,2023-04-13,2023-10-26
D00327,Dr. Kara zaahid,Orthopedics,DEP03,H05,888.784.8096,2023-04-17,
D00328,dr. idris  s@@d,ENT,DEP07,H04,350.287.5990x5663,2023-02-07,2023-08-17
D00329,dr. a@riz tafazal,ENT,DEP02,H02,001-476-426-9177x2416,2023-01-02,2023-12-31
D00330,Dr. M0nic@- Willi@ms_, Oncology ,DEP02,H03,405-295-3288x1099,2023-03-12,2023-10-24
D00331,Dr. Ge0ffrey aasim,Pediatrics,DEP09,H01,(704)703-0460x736,2023-02-27,
D00332,dr. desiree wells,Oncology,DEP02,H03,001-275-890-2142x835,2023-06-11,2024-06-03
D00333,DR. STACY GULFAM,ONCOLOGY,DEP06,H02, 992-393-6177x026 ,2023-03-25,
D00334, dr. tahaw-wur bilaal ,Neurology,DEP04,H05,+1-323-618-8127x3790,2023-02-20,
D00335,Dr. ihtir@m b@mb@d,Neurology,DEP01,H05,230.912.0909,2023-03-21,
D00336,Dr. Nicholas OWAIS,neurology,DEP06,H03,4956432226,2023-02-02,
D00337, dr.  gabriela  martin ,Oncology,DEP09,H02,+1-615-255-3431x92430,2023-05-24,2024-05-20
D00338,Dr. Danielle Gulshan,Oncology,DEP10,H03,953-961-5684x56116,2023-05-25,
D00339,dr.  david  curry,ONCOLOGY,DEP02,H05, 327.690.2714x15947 ,2023-02-05,
D00340,dr. angela omar,Oncology,DEP08,H05,(994)663-5710X804,2023-03-06,
D00341,dr. aayan zafar_, ONCOLOGY ,DEP04,H04,471.983.7382x765,2023-02-02,
D00342,DR. EIJAZ SCOTT,ent,DEP02,H05,218-880-7280,2023-03-10,2023-12-18
D00343,Dr. Monica Zahrun,ENT,DEP03,H04, (747)843-9659x8911 ,2023-05-20,
D00344,dr. bradley walker,Cardiology,DEP10,H03,(548)805-4554x703,2023-02-01,2023-12-12
D00345,Dr. Mich@el N@deem,Neurology,DEP05,H01,635-593-1249,2023-03-28,
D00346,Dr. Qaasim Armstrong,Orthopedics,DEP05,H05,(462)422-6181,2023-05-03,
D00347,Dr. Tracy Chambers,pediatrics,DEP06,H02,(472)788-9489x647,2023-01-16,
D00348,Dr. A@hil Miller,Cardiology,DEP05,H02,662-646-9728x96988,2023-05-15,2024-02-18
D00349,Dr. Theresa  ANDERSON,NEUROLOGY,DEP08,H05,3309207639,2023-03-14,
D00350,Dr. jonathan Jefferson,Oncology,DEP05,H04,(964)344-4696x97204,2023-01-21,2023-07-27
D00351,dr. raheel saariyah, Orthopedics ,DEP10,H03,4368160165,2023-02-25,
D00352,dr. steven omran,Pediatrics,DEP05,H01,218-760-1440,2023-01-28,2023-10-16
D00353,Dr. Mariah GLENN, orthopedics ,DEP07,H05,(536)974-9472,2023-05-25,
D00354,dr. luqman lucero,Cardiology,DEP01,H02, 001-319-536-4206 ,2023-04-25,2024-04-04
D00355,dr. karim ghauth, ENT ,DEP06,H02,(732)424-0417X805,2023-06-06,2024-03-30
D00356,Dr. jeffrey qadeer, ONCOLOGY ,DEP06,H01,(665)738-6367x97267,2023-05-25,2024-04-17
D00357,Dr. Glenn Thompson,Oncology,DEP08,H04,+1-661-212-1693x97348,2023-01-29,
D00358, Dr. Mahdi Rodriguez ,Oncology,DEP06,H02,+1-957-709-5633x963,2023-02-11,2023-11-27
D00359,Dr. Saad Basaam,Oncology,DEP01,H04,+1-246-280-1487,2023-06-11,
D00360, Dr. Meliss@ reyes ,Orthopedics,DEP06,H05,915-229-6278,2023-03-29,
D00361,Dr. Chelsea Walker,oncology,DEP02,H03, 928-243-1057x529 ,2023-05-05,
D00362,DR. N@JEEB- RAASHID,Cardiology,DEP10,H05, (540)785-0237 ,2023-04-21,2023-11-14
D00363, dr. kelly. miller ,Pediatrics,DEP03,H03,838.968.9463X5608,2023-03-08,
D00364,Dr. April  Taj,ent,DEP08,H04,313.563.6249x5273,2023-02-26,2023-09-04
D00365,dr. baaizeed williams,Neurology,DEP06,H01,643.908.4167x133,2023-05-10,
D00366,Dr. Qudoos Flores,ENT,DEP08,H04, (936)379-7965 ,2023-02-19,2024-01-05
D00367, Dr. Stephen Garner ,Neur0l0gy,DEP05,H02,,2023-01-19,
D00368,Dr. Shelby Lopez,neurology,DEP03,H03,704.626.8619x58610,2023-05-27,2023-12-10
D00369, Dr. Yeraz George ,ENT,DEP10,H02,+1-414-627-6349x0805,2023-02-02,2023-10-30
D00370,Dr. BENJAMIN Saboor.,Orth0pedics,DEP07,H05,001-447-300-5938x01807-,2023-01-11,
D00371,dr. karina qaim, Oncology ,DEP01,H03,(653)330-2096,2023-05-25,
D00372,DR. KRISTEN MITCHELL,Orthopedics,DEP06,H04,952-264-2817,2023-05-23,2023-11-26
D00373,Dr.  Anthony  Brooks,Cardiology,DEP04,H05,639.302.0385X38314,2023-02-06,
D00374,Dr. CHRISTOPHER W@@hid,pediatrics,DEP03,H05,,2023-03-18,
D00375,Dr. Kabeer Wadood,Cardiology,DEP03,H02,001-693-604-3425x29374,2023-04-07,2024-03-18
D00376,Dr. Don Kachela, ENT ,DEP06,H04,001-460-664-0325,2023-03-10,
D00377,"Dr. Kevin_ GREENE,",Oncology,DEP06,H01,450.205.0977x982,2023-05-02,2024-02-29
D00378,Dr. Melissa Moss_,pediatrics,DEP04,H02, 001-553-653-5889x9033 ,2023-02-28,
D00379, dr.  tracie  faizan ,Neurology,DEP05,H05,+1-738-622-5806,2023-04-15,
D00380, Dr. basel Watkins ,Cardiology,DEP03,H05,426.912.9089X527,2023-02-16,2023-10-11
D00381,Dr. Khaan qahtan,ENT,DEP01,H01, 001-327-711-8819x00539 ,2023-02-20,2024-01-20
D00382,Dr. q@sid Qus@y,orthopedics,DEP01,H02,821-676-4580x325,2023-01-06,2023-11-25
D00383,Dr.  Christine   harper,ONCOLOGY,DEP07,H02,001-312-560-3701x9833,2023-01-29,2024-01-13
D00384,Dr.  Chashida  Sadeed,Orthopedics,DEP04,H02,871.345.6946,2023-05-06,2023-12-08
D00385,DR.  JEREMY  REYNOLDS, Pediatrics ,DEP10,H03,001-840-650-1540x24927,2023-01-06,
D00386,Dr. Raamis  aarif,Cardiology.,DEP08,H05,(338)905-8622,2023-05-04,
D00387,Dr. Saim Awj,ENT,DEP04,H04,,2023-05-19,
D00388,Dr. katie Ub@id,ENT,DEP01,H02,+1-791-909-7646,2023-04-26,
D00389,Dr. Umar Ubay,cardiology,DEP06,H03,9802032198,2023-04-13,2024-03-31
D00390,dr. lutf williams,cardiology,DEP05,H01,(893)870-4486,2023-05-05,
D00391, DR. DENISE DAKHIL ,Pediatrics,DEP01,H02,4155266808,2023-01-30,2023-09-03
D00392,dr.  amber  jarvis,Pediatrics,DEP03,H02,001-212-693-5858x78945,2023-02-19,2023-10-22
D00393,Dr. robert Buck,Neurology,DEP10,H04,001-767-779-0743x08625,2023-01-05,2023-09-28
D00394,Dr. stephanie Case,neurology,DEP08,H05,251.845.9684x7534.,2023-06-05,
D00395,Dr. james Todd,ENT,DEP07,H04,+1-733-620-8762x159,2023-01-16,2024-01-05
D00396,dr. azban  aabid,Pediatrics,DEP05,H03,991-365-3251,2023-05-24,2024-04-07
D00397, Dr. Parsa K@m@l ,Orthopedics,DEP08,H05,(680)337-2649,2023-03-25,2023-11-09
D00398,Dr. Raghib Tafazal.,Pediatrics,DEP09,H05,001-219-674-0306x3035,2023-02-18,
D00399,Dr. fazli Green,Orthopedics,DEP06,H04,+1-429-703-4805x6263,2023-05-29,
D00400,Dr. Zafrul Ghafoor-,Neurology,DEP02,H01,406-687-6432,2023-06-06,2024-01-07
D00401,dr. nadr yar,NEUROLOGY,DEP10,H01,350-751-7743,2023-05-20,2023-12-05
D00402,Dr. Umar Campbell,Orthopedics,DEP10,H04,+1-284-486-6991x12913,2023-01-31,
D00403, Dr. calvin Talhah ,ENT,DEP06,H01,+1-705-823-8104,2023-02-22,2023-12-18
D00404,Dr.  Janet  hart,ENT,DEP04,H03, 372-640-2665x2058 ,2023-05-15,2024-04-23
D00405,dr.  umair  sabur,Neurology,DEP09,H02,(922)997-4816x417,2023-05-21,2024-01-07
D00406,Dr. Nabeel Johnson, ENT ,DEP04,H01,(207)636-3484x5971.,2023-06-08,2024-02-21
D00407,Dr. Amber Jennings,neurology,DEP09,H02,001-501-610-3163x8931,2023-01-23,
D00408,"Dr.  Idrees  Sabir,",Orthopedics,DEP04,H01,342.773.6144x5997,2023-05-29,
D00409,Dr. Tina Ehsaas,Oncology,DEP07,H03,953.630.0971x537,2023-03-17,
D00410,Dr. Amanda Evans,Pediatrics,DEP10,H05,,2023-02-01,
D00411, Dr. David Stevenson ,CARDIOLOGY,DEP07,H01,(599)339-8810,2023-01-04,
D00412,Dr. Jabir EVANS-,pediatrics,DEP01,H04,(328)573-3909,2023-02-06,
D00413,Dr. Brian francis, ENT ,DEP08,H04,427-472-0980x878,2023-06-24,2023-12-26
D00414,Dr. VINCENT Fisher,Neurology,DEP04,H01,248.625.9501x85804,2023-02-27,2023-12-01
D00415,Dr. jabbaar watts,Cardiology,DEP04,H04,305.582.6394,2023-05-17,2023-12-09
D00416,Dr. Mary YAHYAA,Oncology,DEP10,H01,001-623-774-0909X4592,2023-05-20,2024-04-29
D00417,dr. yar thompson,ENT,DEP09,H02,(555)536-4637x88914,2023-04-15,
D00418,Dr.  Najam  Burns,Oncology,DEP01,H05,001-771-728-3630,2023-06-28,
D00419,Dr. j0se  W@@hid -,neurology,DEP08,H01,+1-382-665-7630_,2023-06-05,
D00420,Dr. michelle  Aarif, Oncology ,DEP08,H04,001-400-506-6597,2023-01-17,
D00421, Dr. TAJ Ghazzal ,ENT,DEP02,H02,001-359-937-2320x190,2023-06-26,
D00422,dr.  matthew  ihsaan,Cardiology,DEP09,H01,434.502.8870x1725,2023-03-04,
D00423,dr. maaz bean_,cardiology,DEP01,H05,001-783-711-9542x4081,2023-03-05,
D00424,dr. omran gray,ENT,DEP01,H04, 001-965-367-3737x73205 ,2023-01-03,
D00425,Dr. luqman Ayamin,Oncology,DEP06,H03,483-428-0079x757,2023-01-02,2023-10-17
D00426,Dr. marc Baxter,"pediatrics,",DEP09,H04,(931)836-0990,2023-02-12,2024-01-30
D00427, Dr. ZAAHID nabeel -,ENT,DEP09,H04,695-511-1309,2023-03-23,2024-03-15
D00428,"Dr. Denise, madiyan",Oncology,DEP06,H03,(811)861-9759X201,2023-06-22,2024-03-01
D00429,"Dr. Dameer Ghasaan,",Orthopedics,DEP09,H03,+1-363-352-1200x73406,2023-05-24,
D00430,dr. kathryn raashid,cardiology,DEP09,H05,223-568-4964,2023-06-04,2024-01-15
D00431,Dr. Hamza Awj,oncology,DEP10,H04,475.940.4399x95704,2023-05-04,2023-11-28
D00432,Dr. LUTFI Babar,ENT,DEP01,H05,(412)366-2501X68237,2023-02-20,
D00433,"Dr. Patrick aaaqil,",Oncology,DEP05,H03,001-581-222-5521X073,2023-05-23,2023-12-25
D00434,Dr. Robert Stone,PEDIATRICS,DEP05,H03,244-612-7459x7394,2023-02-16,2023-09-07
D00435, DR.  STEPHANIE . COOKE ,Pedi@trics,DEP05,H03,557.789.7216x10806-,2023-03-02,2023-11-13
D00436,Dr. rohaan Ubaadah,orthopedics,DEP08,H05,525.904.7285x4965,2023-03-19,2023-11-18
D00437,Dr. Kathleen Cisneros,Oncology,DEP05,H02,,2023-05-21,2024-04-29
D00438,Dr. Umair herman,Oncology,DEP03,H02,475-502-0459x5730,2023-06-19,2024-02-18
D00439, Dr.  Brent  Azban ,Cardiology,DEP09,H05,717-954-1292x37969,2023-06-11,
D00440,Dr. Qasim Garcia,ENT,DEP02,H01, 9924833739 ,2023-06-03,
D00441,dr. anne  jones,oncology,DEP05,H02, 808-699-4302X3807 ,2023-02-07,
D00442,Dr. shawn Lopez,cardiology,DEP02,H02,,2023-02-17,
D00443,Dr. Kaleem Moses,ent,DEP03,H05,(966)937-6010,2023-05-28,
D00444,Dr.  di@n@  J@l@@l,"ENT,",DEP02,H03,693-609-4608,2023-04-21,
D00445,dr. alexis omair,Orthopedics,DEP03,H04,001-760-258-5413x3594,2023-01-11,2023-09-17
D00446,"Dr. alexander Aamir,",Pediatrics,DEP02,H05,001-288-425-7226x0296,2023-06-02,
D00447,Dr.  roberta  Mcgee, Orthopedics ,DEP04,H01,582.529.4262X46812,2023-05-28,2023-12-12
D00448,dr. mahad garcia.,ENT,DEP06,H03,935-349-5578,2023-06-05,
D00449,dr. aadam. ingram,Pediatrics,DEP01,H03,327.352.8914X5196,2023-06-29,2024-04-16
D00450,dr. cheryl ghunayn,Pediatrics,DEP09,H01,+1-766-935-0487x513,2023-03-18,
D00451,DR.  GHIYATH  TAANISH,Neurology,DEP03,H05,(874)819-2185,2023-01-06,
D00452,DR. MAHMOUD LITTLE_,ENT,DEP10,H02,(736)989-4484x6751,2023-05-26,2024-02-06
D00453,Dr. Zafeer Kaysan,Orthopedics,DEP09,H03,+1-674-942-2468X901,2023-02-12,
D00454,dr. roy jefferson,Orthopedics,DEP06,H03, 001-871-266-8400x07238 ,2023-03-23,
D00455,dr. mabad rodriguez,Neurology,DEP08,H04,9612902739-,2023-06-08,
D00456,Dr.  JAAN  Thompson,pediatrics,DEP05,H01,001-644-458-0123,2023-06-03,
D00457,Dr. Karim Stephens,Oncology,DEP01,H03,3168151030,2023-05-29,
D00458, Dr. saabir Yadid ,cardiology,DEP01,H05,(684)339-7838,2023-03-17,
D00459, Dr.  Raheel  aalam ,Pediatrics,DEP03,H03,"8239003765,",2023-02-11,2023-12-10
D00460,Dr. Michael Raaghib,ENT,DEP09,H04,001-704-274-3561X319,2023-03-10,2023-10-05
D00461,dr. tabish benjamin,Neurology,DEP03,H05,767-271-4561x60347,2023-01-26,2023-10-26
D00462,dr. taariq ghutayf,oncology,DEP09,H02,001-222-729-7790,2023-06-09,2024-03-16
D00463,Dr. Tara Anders0n,Cardiology,DEP10,H03,(847)701-3406x56236,2023-06-27,
D00464,Dr.  Michael  Brock,Neurology,DEP10,H05,852-812-0182x7418,2023-06-30,2024-02-29
D00465,Dr. AABAN Watson_,Pediatrics,DEP04,H05,+1-769-932-8949x934,2023-02-14,
D00466,DR. DAAMIN RICHARDSON,Oncology,DEP09,H02,742-672-9177x82692,2023-01-25,2023-11-16
D00467,DR. GHIYATH ADAMS,Cardiology,DEP01,H04,9067736978,2023-03-02,2024-02-27
D00468,Dr. LINDA Maheen,Oncology,DEP06,H04,656.244.8652x44177,2023-02-25,2024-02-18
D00469,Dr. Z@h@@r ihtiram,neurology,DEP09,H05,982-665-2373.,2023-01-05,
D00470,Dr. gary  Patton,neurology,DEP05,H03,(677)423-0173x3591,2023-02-26,2023-10-10
D00471,Dr. Yaqeen Chavez,ENT,DEP01,H05,748-315-0937x9017_,2023-06-05,
D00472,dr. peter lutf,pediatrics,DEP01,H05,401.786.7315,2023-03-06,2023-11-27
D00473,Dr. ATFAT Valenzuela,Oncology,DEP06,H02,8372660425,2023-06-12,2024-01-09
D00474,Dr.  Urrab  Zafar, Orthopedics ,DEP08,H04,001-932-901-0834x97337,2023-01-25,2024-01-03
D00475,Dr. Benjamin Wilson,ENT,DEP08,H04,619.325.4533,2023-01-26,
D00476,Dr.  Radhee  terrell,ENT,DEP08,H05,001-617-296-2947x31833,2023-01-19,
D00477, Dr. Awmar  carson ,ENT,DEP01,H01,901.879.2838x9612,2023-04-27,
D00478,Dr. benjamin Douglas,Orthopedics,DEP03,H04,(402)204-8116x2937.,2023-06-15,2024-05-23
D00479,DR. GREGORY JENKINS,oncology,DEP03,H04,+1-481-680-1443x9973,2023-02-14,2023-10-13
D00480, Dr. Bahiy Udeen BROWN ,neurology,DEP06,H03, 453.842.5424 ,2023-02-16,
D00481,Dr. Pam Qaasim,ENT,DEP01,H01,(548)212-8219x4213,2023-02-14,2023-12-17
D00482,dr. zaib riley,ent,DEP02,H04,7132278769,2023-04-03,2023-10-04
D00483,Dr. Jeffrey- Najam,ENT,DEP01,H01,+1-404-580-0059X429,2023-01-24,2023-10-16
D00484,Dr. jessica Riley,Neurology,DEP07,H02,+1-969-583-8369x0087,2023-01-04,
D00485,Dr. tr@ci nail,ORTHOPEDICS,DEP04,H02,(370)335-5366x709,2023-01-12,
D00486,Dr. Elizabeth kaamil,Neurology,DEP09,H04,456-276-2811,2023-06-27,2024-05-15
D00487,Dr. aaryan Zaahir,ent,DEP09,H03,001-639-393-3789,2023-04-05,2023-10-29
D00488, Dr. Fidvi smith ,Oncology-,DEP06,H04,341-536-3574X032.,2023-03-17,2024-01-23
D00489,dr. awrad martin,Neurology,DEP07,H03,001-446-271-1615,2023-04-15,2023-10-18
D00490,DR. CHRISTOPHER LUQMAAN_,ENT,DEP08,H01,777-402-3572x78054,2023-01-07,
D00491,Dr. Jaabir Raashid,oncology,DEP04,H02, 001-306-411-9946x431 ,2023-02-02,
D00492,Dr. Labeeb tamanna,Pediatrics,DEP02,H05,+1-863-408-7333x98868,2023-02-14,
D00493,Dr.  Billy  herman,orthopedics_,DEP05,H03,468.785.0207x31595,2023-04-08,
D00494,Dr.  Dabir  Scott,ENT,DEP09,H01,983-339-1247,2023-02-20,2023-11-10
D00495,Dr. Qadeer RADI,Cardiology,DEP07,H01,+1-667-941-0356x888,2023-03-30,2023-10-15
D00496,Dr. M@ri@ madiyan,Orthopedics,DEP10,H04,645-677-8856x0779,2023-06-08,2024-04-19
D00497,dr. jabbaar  mahmoud, Oncology ,DEP05,H05,+1-836-815-4632,2023-04-09,2023-12-23
D00498,Dr. Nabil Zackariya,"Cardiology,",DEP10,H03,605-547-1191X174,2023-05-20,2024-05-08
D00499,Dr. taaj collier,Cardiology,DEP01,H03,806.231.9309,2023-01-01,2023-08-12
D00500,Dr. W@fiq RAATIB,Pediatrics,DEP01,H01,3067227101,2023-05-09,2024-04-02
D00501, Dr. Christine garcia ,Oncology,DEP10,H01,,2023-02-27,2023-10-03
D00502,Dr. joseph Fidvi,orthopedics,DEP02,H03,(989)846-6314x491,2023-04-28,
D00503,Dr. Carlos Kamran,neurology,DEP07,H04,(784)897-8161x4024,2023-05-20,
D00504, Dr. michelle LIMAZAH ,ENT,DEP09,H04,+1-257-311-6283x1226,2023-04-08,2023-10-14
D00505,Dr. SAMANTHA Kim,oncology,DEP10,H04,001-726-990-6851x6369,2023-04-07,2024-02-13
D00506, Dr. M@ry Stanley ,Neurology,DEP10,H04,+1-828-418-6153x279,2023-02-20,
D00507,dr. n@ncy gh@uth,Orthopedics,DEP10,H05,+1-502-834-6116,2023-01-25,2023-11-25
D00508,Dr. Joanne K@beer,ENT,DEP03,H01,250-725-6167x300,2023-04-03,
D00509,dr. j@mes perkins,Pediatrics,DEP09,H05, (289)335-2338 ,2023-06-06,
D00510,Dr. Christina Rabee,Orthopedics,DEP08,H04,733-205-6305x9682,2023-05-31,
D00511,DR.  JOEL  TABASSUM,Neurology,DEP07,H01,001-328-771-5132x41043,2023-04-06,2024-01-17
D00512,Dr. Jahdari eshan-,Pediatrics,DEP04,H02,350.510.0343,2023-01-22,2023-09-25
D00513,Dr. Saabir Nolan,Pediatrics,DEP10,H01,484.453.3673,2023-05-22,2024-03-17
D00514,"Dr. ABAAN Sadeed,",PEDIATRICS,DEP06,H01,,2023-01-23,2024-01-15
D00515,DR.  AAUS  SCHMITT,ONCOLOGY,DEP07,H04,(333)598-3990,2023-03-27,2023-12-28
D00516,Dr. sadaqat Aamirah,Pediatrics,DEP06,H04,4652847740,2023-01-12,
D00517,Dr. Justin Phillips,Pediatrics,DEP04,H05,286-777-1099x5280,2023-01-28,2023-09-26
D00518,DR. IHTIRAM UMAARAH,C@rdi0l0gy,DEP01,H01,886-790-1426,2023-02-27,2023-09-10
D00519,Dr. Ihsan TAMANNA,Cardiology,DEP05,H01,3337788456,2023-05-17,2023-11-30
D00520,Dr. Justin Miller,oncology,DEP10,H05, 001-713-948-5429x10050 ,2023-02-05,
D00521,Dr. Qatadah Lutf_., Oncology ,DEP02,H05,(968)566-8320x72182,2023-03-12,
D00522,Dr. Qanit rich@rds0n,orthopedics,DEP04,H04,200-399-3497x69337,2023-02-12,
D00523,dr. rodney- perry,Cardiology,DEP04,H05,+1-221-921-7464x13714,2023-06-05,
D00524,dr. omran nadeem,ENT,DEP04,H03,+1-929-235-1371x774,2023-06-06,2024-03-22
D00525,DR. ANDREW DUNCAN, ONCOLOGY ,DEP01,H05, 234-737-5099x61826 ,2023-06-23,2024-02-04
D00526,dr. melissa garcia,Orthopedics,DEP06,H04,828.752.3807x47965,2023-03-11,
D00527,Dr. luc@s ROMERO,Pediatrics,DEP04,H01,(239)257-4714x3835,2023-03-13,
D00528,Dr. Margaret Petersen,Neurology,DEP09,H02,(667)670-1464x6113,2023-06-18,2024-03-22
D00529,Dr. qudamah Raashid_,Orthopedics,DEP06,H01,(505)653-9906x28833,2023-04-20,2024-02-06
D00530,Dr. Vahar Ossama,Neurology,DEP04,H02,+1-208-457-0158x31367,2023-02-15,2024-01-18
D00531,"dr. monica, maawiya",Orthopedics,DEP07,H05,001-800-554-6302x25245,2023-05-26,
D00532, Dr. cameron Mccullough .,Orthopedics,DEP02,H01,,2023-03-12,
D00533,DR.  NABEEL  AAMIL,ENT,DEP09,H02,274.858.6640,2023-06-23,2024-06-01
D00534,Dr. jennifer_ AARIF,"NEUROLOGY,",DEP04,H02,903-236-5026,2023-03-04,
D00535,dr. donna  baker,Oncology,DEP02,H04,001-686-879-5960x263,2023-03-25,2023-11-20
D00536,dr. yar auraq,Cardiology,DEP05,H03,836.595.3971,2023-04-16,
D00537,DR. ANDREA  GOODMAN,Oncology,DEP07,H03,672-580-1503x5401,2023-04-09,2024-04-01
D00538, Dr. Zahaar Waahid ,Orthopedics_,DEP04,H05,001-652-301-4812x4887,2023-04-01,
D00539,Dr. T@j@mm@l Gardner,pediatrics,DEP08,H05,946-629-2333,2023-06-22,2024-06-08
D00540,Dr. Rebecca Bashaarat,cardiology,DEP07,H02,,2023-04-01,
D00541,"Dr. Dakhil, Umair",Orthopedics,DEP06,H02,524.464.4786x1558,2023-02-21,
D00542,Dr. Gh@ff@@r LUQMAN,Neurology,DEP09,H05,(454)738-8258,2023-01-03,
D00543,Dr. Judith Daniel,Pediatrics,DEP10,H03,817-678-2431x4769,2023-02-16,2024-01-13
D00544, Dr. Sean Iftikh@@r ,neurology,DEP08,H01,+1-534-718-2194X887,2023-05-09,2024-01-07
D00545,"Dr. qaadir, Fisher",Pediatrics,DEP05,H02,(383)591-9336x52612,2023-01-30,
D00546,dr. janet booker,Pediatrics,DEP03,H04,+1-489-302-9158x820,2023-05-13,2024-02-13
D00547,Dr. Yafi ayamin,Cardiology,DEP05,H03,+1-794-941-0189x197,2023-05-21,2023-12-03
D00548,"Dr.  Zafar  Kasam,",Cardiology,DEP02,H01,+1-266-238-3357,2023-04-19,2024-01-11
D00549,Dr. IJLI R@bb@ni,oncology,DEP04,H01,779-818-7732,2023-02-04,2023-11-27
D00550,dr. david coleman,Oncology,DEP02,H02, +1-200-233-2145x2389 ,2023-01-22,2023-12-26
D00551,Dr. MEGAN  Lewis,Oncology,DEP05,H03,001-444-552-8949,2023-04-30,2024-01-21
D00552,Dr. Aaban collins,Orthopedics,DEP03,H02,+1-789-273-5251,2023-05-05,
D00553,Dr. suzanne Latif,Orthopedics,DEP07,H03,+1-970-996-8811,2023-05-21,2024-03-18
D00554,dr. a@mil beck,Cardiology,DEP09,H03,001-566-909-8536,2023-04-16,
D00555,Dr. Brian Foley, Oncology ,DEP03,H03, (942)444-1603 ,2023-02-08,2023-09-15
D00556,Dr. Raatib Latif,Oncology,DEP09,H05,814-765-5763X13512,2023-04-25,
D00557,Dr. Layth talib,ONCOLOGY,DEP08,H03,001-814-205-3579x30421,2023-02-27,
D00558,Dr. tabassum Morgan,Cardiology,DEP08,H05,423-508-5096x7051,2023-06-18,
D00559,Dr. r@chel Vasquez,ENT,DEP06,H01,629.234.2963,2023-03-14,
D00560,Dr. Gail aarif,ent,DEP07,H02,(786)560-9623X998,2023-04-03,
D00561,Dr. M@tthew Gregory,ENT,DEP09,H01,(610)887-1473x263,2023-03-29,
D00562,"Dr. James Garcia,",Pediatrics,DEP08,H05,561.470.1826,2023-04-16,2024-03-01
D00563,Dr.  richard  naeem,orthopedics,DEP01,H03,001-903-862-8561,2023-06-08,
D00564,Dr. S@r@h Nguyen,ORTHOPEDICS,DEP09,H01,(482)425-6117,2023-03-31,2024-03-12
D00565,Dr. Rafee MAHMOUD,Neurology,DEP05,H02,001-678-701-3540x7044,2023-03-12,2023-09-15
D00566,Dr. meredith snyder,Neurology,DEP03,H04,+1-228-929-1670x982,2023-04-22,2024-04-21
D00567,Dr. Raamiz Lucas,Pediatrics,DEP06,H02,,2023-01-14,2023-10-22
D00568, Dr. Jameel R@@shid_ -," orthopedics ,",DEP08,H05,(511)732-9052,2023-01-20,2023-11-04
D00569,Dr. tamanna Saabir, Oncology ,DEP05,H02,436-242-6198x02675,2023-06-14,2024-01-06
D00570,dr. saahir lewis,Oncology,DEP01,H04,687.546.3563x9156,2023-06-22,2024-02-22
D00571,Dr. wahhaab Kamran-, Cardiology ,DEP03,H01,001-816-327-4362X012,2023-01-07,
D00572,Dr. Michael carr,Pediatrics,DEP03,H03,523.348.8203x77236,2023-03-01,
D00573,Dr. WADEE_ Powell_,"cardiology,",DEP09,H02,001-341-660-2054x354,2023-01-03,
D00574,Dr. Kashif Zarar,ent,DEP03,H02,+1-203-901-1767x226,2023-03-26,
D00575,Dr. Nabih Najeeb,Pediatrics,DEP02,H02, 310-499-0090 ,2023-06-08,2023-12-14
D00576,"Dr. aazim hansen,",Pediatrics,DEP07,H04,001-942-552-0643x4026,2023-03-23,2023-12-18
D00577,Dr. jalaal Rogers, neurology ,DEP07,H03,990-434-7065X53835,2023-01-16,2024-01-09
D00578,DR. RACHEL THOMAS, Orthopedics ,DEP05,H02,391.550.1675,2023-05-06,
D00579,"dr.  nabhan ,  man", ENT .,DEP02,H01,7389740985,2023-06-14,2024-02-19
D00580,Dr.  Andrew  Jalaal, neurology ,DEP07,H01,(317)529-7574x3511,2023-02-19,
D00581,Dr. Taimur  Ayala,Oncology,DEP06,H05,001-952-722-4660,2023-02-08,
D00582,Dr.  Patricia  Martin,Neurology,DEP09,H05,3765154683,2023-01-21,2023-10-20
D00583,Dr. BIZHAN Payne, Cardiology ,DEP02,H01,(207)534-6406,2023-01-20,
D00584,Dr. john saabir,Cardiology,DEP06,H05,,2023-02-10,2023-11-20
D00585, Dr. ghaalib Watson ,ENT,DEP01,H05,557-333-9138x42112,2023-06-30,2024-05-27
D00586,Dr. Jonathan Nabih,NEUROLOGY,DEP02,H01, 706-787-2725x261 ,2023-04-27,2024-02-22
D00587,Dr. Radi Ihab,Neurology,DEP08,H05,721.716.5515x9584,2023-02-25,2024-01-29
D00588,Dr.  P@mel@  OCHOA,Oncology,DEP03,H01,(397)945-6552,2023-02-05,2024-01-09
D00589,Dr. John Wafeeq_-,ENT,DEP04,H01,(211)991-5891,2023-04-05,2023-10-24
D00590,DR. NAFESA FIDVI-, Orthopedics ,DEP07,H01,+1-405-957-5914x0409,2023-01-29,2024-01-05
D00591, Dr. KAMAL Graham ,ENT,DEP03,H03,550-666-5846x90203,2023-03-23,
D00592, dr. kaashif ilan ,ENT,DEP04,H05,001-885-715-2559x171,2023-02-15,2023-12-28
D00593,Dr. Carla  Gulshan, Cardiology ,DEP03,H05,393-627-9857,2023-04-20,
D00594,Dr. Patrick M@rtinez,ENT,DEP02,H01,399.297.9470x164,2023-06-07,2023-12-26
D00595,Dr.  rafan  Cohen,Pediatrics-,DEP02,H05,(557)409-5452x86189,2023-05-27,2024-01-01
D00596, Dr. Tafazal Aadil ,pediatrics-,DEP01,H05,001-930-399-0112.,2023-03-11,2023-12-16
D00597,Dr. UBAADAH Dalton,Cardiology,DEP08,H03,4747405532,2023-03-27,2024-03-17
D00598,Dr. H@nn@h A@mir,ENT,DEP07,H03,3702088621,2023-06-03,
D00599,Dr. Aamirah Montes,ENT,DEP09,H04,001-858-957-1015X83163,2023-02-21,
D00600,"dr. michael serrano,",Neurology,DEP07,H02,619.732.7824x82354,2023-06-09,2024-03-20
D00601,Dr. DEREK Austin,Neurology,DEP10,H04,556-632-1173x40810,2023-05-03,2024-03-05
D00602,Dr. Lori  scott,Cardiology,DEP08,H01,,2023-06-04,2024-04-18
D00603,Dr. Mahfuj  brady,Pediatrics,DEP03,H02,5327088071,2023-04-10,
D00604,Dr. Yergha Darain.,ENT,DEP03,H04,385-514-2457x85514,2023-02-01,2023-08-14
D00605,Dr. Qutaybah Marks, Oncology ,DEP03,H01,+1-860-889-3397x7547,2023-02-13,2023-12-25
D00606,Dr. Ghanem Q@im_,orthopedics,DEP06,H02,+1-667-640-7538X5389,2023-05-15,
D00607,Dr.  J@f@r  Williamson,neurology,DEP02,H03,(687)386-8583,2023-04-08,2024-03-20
D00608, Dr. Emma Tahir ,Oncology,DEP08,H02,+1-806-454-6813x3003,2023-05-22,2024-02-05
D00609,Dr. Tina UBADAH,ORTHOPEDICS,DEP03,H05,(948)642-6039x11570,2023-02-10,2023-08-25
D00610,dr. dabbah baasit,Orthopedics_,DEP09,H03,+1-589-834-2313,2023-01-27,
D00611,Dr. Gh@z@nfer kerr,Pediatrics_,DEP02,H05,001-693-898-5703,2023-03-18,
D00612,Dr. Kenneth Williams,Neurology,DEP09,H04,4724494375,2023-02-28,2024-01-03
D00613,dr. angela_ ross,Neurology,DEP10,H02,793.734.9032,2023-06-14,2024-05-22
D00614,DR. STACY TAHAW-WUR,Oncology,DEP04,H01,+1-730-500-0789x5088,2023-01-26,2023-11-09
D00615,DR. AUSTIN DAMURAH,Cardiology,DEP02,H03,(325)584-9484,2023-06-30,2024-01-27
D00616,Dr. Umair Quadir,Pediatrics,DEP04,H02, 779.298.9153x1881 ,2023-06-29,2024-06-21
D00617,DR. AYSAR ALLEN,Cardiology-,DEP06,H04,2715973324,2023-01-11,2023-12-10
D00618,Dr. Awamil Lin,Orthopedics,DEP07,H02,303-400-0809,2023-06-05,
D00619,dr. s@r@ ubaidah,Oncology,DEP08,H05,9709404659,2023-04-08,
D00620,Dr. Francisco KARAAMAT,Orthopedics,DEP05,H02,001-425-647-8749x5960,2023-05-30,2024-04-11
D00621,Dr. z@@kir A@bid, Neurology ,DEP10,H04,(452)370-5225x6945,2023-05-31,
D00622,dr. jennifer k@leem@,C@rdi0l0gy,DEP06,H03,830.531.3075x422,2023-05-03,
D00623,DR. RICKY SAAD,cardiology,DEP08,H03,(536)973-7212,2023-01-31,
D00624,Dr. Esh@n jaabir,Cardiology,DEP08,H02,001-849-703-8284x922,2023-01-23,2023-08-25
D00625,Dr. awani Kabeer,Cardiology_,DEP08,H04,001-538-806-6569x2599,2023-04-10,
D00626,Dr.  Jaffer  labeeb,Cardiology,DEP06,H03,001-614-459-3334,2023-01-12,
D00627,DR. Q@DEER ZAAHIR,orthopedics,DEP07,H04, 9892039126 ,2023-02-16,
D00628,"Dr. susan Smith,",cardiology,DEP05,H03,349-520-3536,2023-06-19,2024-06-03
D00629,dr. nicole j@l@@l,ORTHOPEDICS-,DEP04,H03,001-357-312-3716x085,2023-03-29,
D00630,Dr.  troy  diaz,Neurology,DEP07,H04,(859)827-9889x41187.,2023-06-18,2024-01-15
D00631, Dr. Valerie  Taanish _ ,ENT,DEP09,H03,001-415-569-4064,2023-02-08,
D00632,Dr. Ubay Davis,oncology,DEP03,H03, 711-425-1622 ,2023-02-06,
D00633,Dr. Zarar Saajid,Pediatrics,DEP04,H03,(589)388-1929x347,2023-06-08,2024-03-20
D00634,Dr. Scott booker, Neurology ,DEP04,H03,763-446-9997X938,2023-03-08,
D00635,dr. jennifer woods,Pediatrics,DEP06,H03,378-803-4688x22909,2023-05-20,
D00636, Dr. Madiyan Jabir ,Cardiology,DEP01,H04,384.822.4289x260,2023-02-26,
D00637,dr. damurah najam,ENT,DEP01,H02, (522)285-5235x7919 ,2023-04-11,
D00638,Dr. Joseph Iftikhaar,pediatrics,DEP09,H02, 856.423.1142x886 ,2023-02-22,2023-09-12
D00639, dr. batool  rabiah ,ENT,DEP03,H04,(301)425-0467X76363-,2023-04-19,2024-03-19
D00640,Dr. Jeffrey ayamin,ENT,DEP01,H04,262-350-0289x9384,2023-02-14,
D00641,Dr. NABEEL Baasit_, oncology ,DEP09,H01,,2023-05-10,2024-03-25
D00642,dr. kimberly zahur,PEDIATRICS,DEP05,H01,+1-251-310-4160,2023-02-24,2023-08-28
D00643,Dr. MAMUN Wang, Oncology ,DEP02,H04,+1-271-803-9661x729,2023-02-20,
D00644,dr. edw@rd m0ren0,Neurology,DEP03,H03, (284)329-2389x98806 ,2023-02-05,
D00645,dr. kamal mullins,Cardiology,DEP08,H05,001-389-323-2748x1328,2023-04-07,2023-11-02
D00646,Dr. Molly smith,ONCOLOGY,DEP10,H05,001-996-435-1760x8305,2023-04-17,
D00647,Dr. Zaahir  aadam, ENT ,DEP08,H05,001-759-411-2366x92397,2023-05-15,
D00648,Dr. Laiq Booker,Orthopedics,DEP01,H01,848.782.2299x62151,2023-01-09,
D00649,Dr. Ihtishaam castillo, Oncology -,DEP07,H01,3907296611,2023-06-05,
D00650,dr. maria harding,Cardiology,DEP06,H01, 205-665-7091 ,2023-03-06,2024-01-25
D00651,Dr. Gwendolyn Radi_,ENT,DEP02,H04,+1-790-467-4741,2023-01-25,
D00652,Dr. Ry@n Singh,Oncology,DEP08,H02,001-249-252-8671,2023-04-15,
D00653,Dr. Jessic@ Ejl@@l,Oncology,DEP08,H01,277.566.8996x58409,2023-03-23,
D00654,Dr.  ZARAR  Conrad,Cardiology,DEP08,H02,"7429931256,",2023-03-11,2023-12-10
D00655,DR. KARIM JAABIR,Neurology,DEP10,H02,5762734253,2023-06-17,
D00656, Dr. William Peterson ,Oncology,DEP09,H04,001-913-997-4154x872,2023-05-25,2024-01-04
D00657,dr. christina mourib,Cardiology,DEP08,H02,+1-364-941-7839x5811,2023-02-17,2023-12-14
D00658,Dr. anthony Ubaidah,Orthopedics,DEP07,H02,(451)302-8793x66706,2023-06-20,2024-01-02
D00659,Dr. Gr@ce  BAKER,Neurology,DEP06,H02,001-460-402-5385x5398,2023-04-05,2024-01-13
D00660,Dr. michael  Downs .,Orthopedics,DEP03,H04,415.688.7022x682,2023-03-04,
D00661,Dr. Lutfi Aariz,Orthopedics,DEP06,H04,212.598.6430,2023-01-04,2023-09-23
D00662, Dr. Tahmaseb Darain ,pediatrics,DEP02,H05,371.556.2226,2023-04-18,
D00663,Dr.  aarif  Badr Udeen,pediatrics,DEP03,H04,001-512-925-1737x10919,2023-01-01,2023-11-21
D00664,Dr. A@sim saalim,Pediatrics,DEP10,H05, +1-539-698-7381 ,2023-04-25,
D00665,dr. awrad zaheer,Oncology,DEP03,H01,,2023-06-27,
D00666,DR. BASHAR WILKINSON,Pediatrics,DEP10,H01,5915575733,2023-03-22,
D00667, Dr. Rachel Ayaan ,Cardiology,DEP04,H04,9166992160,2023-05-20,2024-03-25
D00668, Dr. Saadat  Jones ,Neurology,DEP10,H03,761.915.8088,2023-03-16,2023-12-26
D00669,Dr. DABBAH Pennington,Neurology,DEP01,H01,590.467.3388,2023-01-19,
D00670,Dr. Man Hall,Orthopedics,DEP09,H04,519-613-5888x400,2023-05-16,2024-03-14
D00671,Dr. RAAGHIB Scott_,cardiology,DEP04,H01,,2023-05-03,
D00672,dr. tajudinn  ward,pediatrics,DEP05,H03,(852)435-2065x47296,2023-05-11,
D00673,Dr. Rafeek Bilaal, cardiology ,DEP09,H05,427.403.2904,2023-06-30,2024-03-27
D00674,Dr. Wahhaab Ub@y,Neurology,DEP10,H05,(721)897-3795x2972,2023-04-19,2024-03-14
D00675,Dr. Sierra  Olsen,Oncology,DEP01,H01,,2023-04-28,
D00676,"Dr. Scott Ayala,",Orthopedics,DEP05,H03, 2045306988 ,2023-04-12,2023-10-09
D00677,Dr. KAMAL Hall, neurology ,DEP08,H04,353-881-3680,2023-03-05,2023-11-18
D00678,dr. mahfuj morton,Pediatrics,DEP01,H04,386-382-5377x927,2023-02-20,2024-01-13
D00679,Dr. Attaf Floyd,0nc0l0gy,DEP05,H04,(327)681-2029,2023-03-14,
D00680,Dr. JOSHUA Thornton,ORTHOPEDICS,DEP01,H04,544-536-8488X6810,2023-01-22,
D00681,Dr. eric Singh,PEDIATRICS,DEP09,H01, 701-440-0970x8331 ,2023-04-21,
D00682, Dr. nicole Nadeem ,Neurology,DEP08,H05,001-328-271-6981x98451,2023-01-14,
D00683,dr.  umar  s@bur, Cardiology ,DEP05,H03, 612.580.7418 ,2023-02-16,
D00684,"dr. robert raaghib,",Pediatrics,DEP10,H03,(538)758-9136x26947,2023-02-11,2023-12-22
D00685,DR. JENNIFER ENGLISH,Pediatrics_,DEP03,H03,2144998443,2023-06-17,
D00686,"dr.  jennifer  jameel,",Pediatrics,DEP04,H04,979-353-1607,2023-01-28,2024-01-03
D00687,Dr. sabbir Zayyir, Pediatrics ,DEP05,H03,+1-535-811-9129x047,2023-03-09,2023-11-21
D00688,Dr. Omar pearson,Oncology,DEP05,H04,848.990.5271x192,2023-03-30,
D00689,Dr. YATHRIB Durham,Neurology,DEP10,H02,245.646.8452x862,2023-04-23,
D00690,Dr. Christopher WEBER,ENT,DEP05,H05,(690)782-1148,2023-04-25,2024-04-21
D00691,dr. todd aarif, ent ,DEP09,H03,001-442-252-3931x62197,2023-05-22,
D00692,Dr. April QABEEL,orthopedics,DEP09,H03,(694)757-4643x5711,2023-03-01,2024-01-17
D00693, DR. SCOTT  SANCHEZ _,Neurology,DEP07,H03,+1-514-432-8879_,2023-05-15,2024-03-16
D00694,Dr. Jared Beck_,Orthopedics,DEP05,H05,2934698459,2023-06-10,
D00695,Dr. awmar urrab,Oncology,DEP09,H01,001-344-884-1372x311,2023-01-27,2023-09-23
D00696,Dr. Talha Bowers,ENT,DEP05,H01,,2023-03-19,2023-11-05
D00697,dr.  amanda  saahir,ENT,DEP01,H05,001-866-849-1015X63252,2023-01-18,2023-11-16
D00698,Dr. yeraz Barr,pediatrics,DEP03,H04,(447)715-1055,2023-04-01,2023-11-25
D00699,Dr. Kaazim Ghanee,Neurology,DEP08,H02,,2023-02-05,
D00700,dr. jennifer_ talha,ENT,DEP10,H02,256.529.8768,2023-06-24,
D00701,Dr. Rhonda Baashir,Pediatrics,DEP03,H01,001-572-686-6933x04522,2023-02-12,2023-09-25
D00702,Dr. vahar Saad,Orth0pedics,DEP05,H02,(802)813-6174x665,2023-01-01,2023-11-04
D00703,DR. RABB OWAIS,Orthopedics,DEP08,H03,,2023-06-01,2024-01-22
D00704,Dr. Austin Babar,Pediatrics_,DEP04,H05,802.666.2343,2023-03-09,2023-12-02
D00705,"Dr. K@m@l, N@jeeb",Pediatrics-,DEP01,H05,+1-465-603-0705X15755,2023-06-01,
D00706,Dr. bruce @w@dil,Cardiology,DEP06,H04,218.828.1117x5839,2023-04-25,2024-01-09
D00707,dr. maroof_ chandler, Oncology ,DEP03,H04,(207)749-9647x2480,2023-01-14,2023-09-23
D00708,Dr. Said yaman,Orthopedics,DEP06,H05,+1-542-536-7299x590,2023-03-22,
D00709,Dr. Steven Johnson,Oncology,DEP04,H04,440-404-1212,2023-03-21,2023-11-11
D00710, Dr. Muhazzim. wahhaaj , Cardiology ,DEP06,H01, 001-368-995-8218x240 ,2023-03-10,2023-11-25
D00711,Dr. Francisco Mourib,Neurology,DEP05,H04,+1-722-450-3913x06978,2023-02-24,
D00712,Dr. Rebecca Rabbani,Neurology,DEP02,H05,+1-419-968-5219x464,2023-01-01,
D00713,Dr. yureed Young,ENT,DEP02,H03,(511)200-9145x8410,2023-05-27,2024-03-31
D00714,Dr. theresa Ghunayn,Orthopedics,DEP10,H02,8915696142,2023-03-25,
D00715,Dr. mourib  holland,ENT,DEP04,H04,001-739-665-5831,2023-02-15,2024-01-31
D00716,dr.  raashid  green,Neur0l0gy,DEP01,H03,(682)205-5325x375,2023-06-14,2023-12-19
D00717,Dr. Aaqil Sadeed,Orthopedics,DEP10,H03,+1-420-427-6858x23320,2023-02-04,2024-01-30
D00718,Dr. Sus@n Harris,Cardiology,DEP10,H05,,2023-06-20,
D00719,dr. nadhir aazim,Neurology,DEP10,H02,+1-732-332-0874,2023-06-04,2024-02-16
D00720,DR.  NAIM  HANSEN,Pediatrics,DEP10,H05,,2023-01-19,
D00721,Dr. Y@wer  Mad,ENT-,DEP04,H01,001-908-245-6673,2023-03-10,2023-11-08
D00722,dr. sadeed saburah,Pediatrics,DEP07,H02,686.492.6993,2023-04-11,
D00723,dr. qays case,Neurology,DEP05,H04,468-328-9269x598,2023-01-19,2023-08-15
D00724,dr. qu@dir souma-,C@rdi0l0gy,DEP05,H05,001-309-212-1635x0918,2023-01-08,2023-12-11
D00725,Dr. Miguel  Hayes,Oncology,DEP09,H01,974.951.3942x579,2023-05-17,2024-01-27
D00726,dr. kaleem roberts,Oncology,DEP07,H02,571-547-6610,2023-01-27,
D00727,Dr. CHERYL Barker,Cardiology,DEP08,H04,581.245.2995x11457,2023-03-19,2024-01-12
D00728, dr. joel  moore ,Neurology,DEP03,H01,+1-448-880-5211x688,2023-05-08,
D00729,Dr. Ruwaihim LIYAQAT,ENT,DEP07,H04,001-686-838-0775,2023-05-08,2024-03-26
D00730,dr. taahaa hill,Oncology,DEP03,H04,+1-815-816-3039x5403,2023-06-05,2024-03-31
D00731,Dr.  joseph  Raheel,orthopedics,DEP05,H03, +1-733-302-4599 ,2023-01-18,
D00732,dr. daniel thomas,ent,DEP01,H01,603-681-5927x6851,2023-06-25,
D00733,Dr. Aabid James,Pedi@trics,DEP10,H04,+1-371-637-5295,2023-01-09,2024-01-02
D00734,Dr. Lutfi Aamir,ENT,DEP02,H03,+1-288-447-1347x15729,2023-01-10,
D00735,dr. casey burke,ENT,DEP08,H02,001-306-432-6852x649,2023-03-14,2023-11-15
D00736,Dr. Sabir Ghauth,Cardiology,DEP01,H02,,2023-02-16,2023-11-24
D00737,Dr. Elizabeth howard,Pediatrics,DEP04,H01,001-548-530-1736x2818,2023-04-02,
D00738,"Dr. Z@ch@ry Aw@dil,",cardiology,DEP02,H02,322.919.1121x762,2023-01-02,2023-07-31
D00739,dr. charles alvarez,Neurology,DEP05,H01,001-254-357-3826x85708,2023-01-13,
D00740,dr. ghanem lee,Neurology,DEP04,H03,001-655-796-7968x37056,2023-03-07,2024-01-13
D00741,Dr. H@nn@h  phillips,Neurology,DEP05,H04,998.544.0342x952,2023-05-26,2024-01-06
D00742,Dr. Waahid Villanueva,Orthopedics,DEP04,H01,+1-446-476-6578x59695,2023-06-13,
D00743,Dr. umair taylor,Pediatrics,DEP06,H04,897.885.9282x4613,2023-02-27,
D00744,Dr. gh@z@w@n LUAY,Pediatrics,DEP04,H05,+1-420-634-8013x146,2023-04-08,2024-03-10
D00745,DR. ZAAKIR ZAHRUN,pediatrics,DEP02,H03,(493)513-0119,2023-06-09,
D00746,Dr. Kabeer Mahbeer,ENT,DEP07,H05,,2023-04-26,2024-01-24
D00747,Dr. Nathan Ayyubi,Neurology,DEP05,H01,,2023-03-21,2024-03-06
D00748,Dr. Ikrimah. Souma,oncology,DEP03,H04,(284)633-2967,2023-01-17,2023-11-01
D00749,dr. madiyan omar," Cardiology ,",DEP05,H02,223-593-8780x4900,2023-03-28,2023-10-03
D00750,dr. zafar  hughes,ENT,DEP07,H01,721.851.6396,2023-01-27,2023-09-03
D00751,Dr. mad  taylor,Pediatrics,DEP03,H01,+1-513-780-8483x56000,2023-06-24,2024-02-24
D00752,Dr. Beth_ tali_,PEDIATRICS,DEP10,H01,001-787-454-5756x5866,2023-05-15,
D00753,Dr. Javier livingst0n,Cardiology,DEP02,H04,+1-361-779-6054x846.,2023-06-21,2024-06-11
D00754,Dr. Zaweel Adams_,ONCOLOGY,DEP09,H01,273-559-3484x0229,2023-03-29,
D00755,dr. saabir s@bur, Oncology ,DEP06,H03,502-346-2485,2023-02-08,2024-02-05
D00756,Dr. WILLIAM Buraid, ENT ,DEP04,H03,+1-515-385-6120x650,2023-03-03,2023-09-05
D00757,dr.  james  talha,neurology,DEP10,H04,(890)483-4432,2023-04-11,2023-11-20
D00758,Dr. Zauqi Zafir,NEUROLOGY,DEP08,H01,304.838.7091,2023-01-28,2023-10-25
D00759,"Dr.  wadi  Zuwayhir,",neurology,DEP05,H01,(972)396-5807x36277,2023-05-25,
D00760,Dr. David  Zaahid,Neurology,DEP08,H01,518.826.1734,2023-02-26,
D00761,"Dr. Michelle, KIM-", Oncology ,DEP03,H04,212.929.1194x8330,2023-03-12,
D00762, Dr. Luis White ,Orthopedics,DEP08,H02,001-818-282-7456x419,2023-02-18,
D00763,Dr. gerald  Kelley,Pediatrics,DEP01,H05,+1-527-751-7051x2574,2023-01-07,
D00764,dr. ubayd rabar,Onc0l0gy,DEP04,H04,309-568-0696,2023-03-20,2024-01-30
D00765, Dr. tammy  Iftikhaar ,Orthopedics,DEP02,H05,(304)407-9732X376,2023-02-04,
D00766,Dr. Kurt Barr,Cardiology,DEP06,H03,7728427900,2023-03-17,2023-09-25
D00767,Dr. Laeeq White,Pediatrics,DEP02,H04,(748)304-8014x98949.,2023-06-07,2024-05-22
D00768,Dr. Brenda umair,Oncology,DEP02,H02, (599)793-4077 ,2023-04-20,2024-04-12
D00769, dr. yawar bray ,Cardiology,DEP04,H01,8172629420,2023-02-18,2024-02-14
D00770, Dr.  Nafees  OMAR -,Oncology,DEP09,H04,(777)672-4214,2023-06-06,2024-06-05
D00771,Dr. Waahid Chen,Neurology,DEP05,H03,(726)822-9696X034,2023-06-09,2024-05-24
D00772,Dr. STEPHANIE Zahrun,Orthopedics,DEP09,H02,579.295.2203X5229,2023-04-11,2024-02-01
D00773,dr. jason harris, Pediatrics ,DEP06,H05,+1-299-600-7532x6048,2023-03-26,
D00774,dr. riley robinson-,cardiology,DEP01,H02,(215)728-8021,2023-01-15,2023-08-02
D00775,Dr. Barr raid,Oncology,DEP10,H04,994.688.2695,2023-05-25,2024-04-26
D00776,Dr. jennifer Ingram,Orthopedics,DEP06,H03,(859)390-6811x8850,2023-03-05,2023-12-14
D00777,Dr. Chloe ali, ONCOLOGY ,DEP10,H03,541-917-2059x9707,2023-05-19,2024-01-26
D00778,Dr. Raamis Perez,Cardiology,DEP01,H01,,2023-02-06,
D00779,DR. ASHLEY YAHYAA,cardiology,DEP03,H05,(888)802-2504x0104_,2023-01-09,2023-10-23
D00780,Dr. Zaeem Maroof,ENT,DEP05,H04,618-228-9413x4534,2023-05-19,
D00781,Dr. David Morgan,c@rdi0l0gy,DEP02,H04,676-940-6331,2023-03-28,
D00782,dr.  rabee  bartlett,Neurology,DEP07,H04,8549812343,2023-02-11,
D00783, DR. JAMEEL UBAADAH ,Cardiology,DEP05,H01,,2023-06-25,
D00784,Dr. Najam Sabeeh,Cardiology,DEP10,H02,(711)562-9476,2023-04-20,2024-03-23
D00785,Dr. JASON. Badr Udeen,pediatrics,DEP05,H03,+1-436-325-7255x817,2023-06-03,
D00786,Dr. D@rren Gray,ENT,DEP04,H04,778.246.0461,2023-03-19,2023-12-27
D00787,Dr. Joseph Anderson,Oncology,DEP03,H03,748.600.1078x85099.,2023-01-12,2023-08-17
D00788,Dr.  James  kaamil,Orthopedics,DEP02,H03,(268)424-4463x86856,2023-06-30,2024-03-20
D00789,Dr.  Baasim   Maroof,PEDIATRICS,DEP04,H03,(952)270-8446x5696,2023-03-04,
D00790,Dr. Taaj Jones,Neurology,DEP01,H02,612-922-4353,2023-02-17,
D00791,Dr. Claudia Freem@n,Cardiology,DEP01,H03, 773.215.8529 ,2023-02-25,2023-11-06
D00792,DR. QAADIR  WADOOD, ONCOLOGY ,DEP07,H04,+1-959-336-5249x556,2023-03-18,2024-02-24
D00793,Dr. Zayyir Young,neurology,DEP05,H02,8797350748,2023-06-12,2024-03-02
D00794,Dr. Waheed Bashaar,oncology,DEP03,H02,(791)643-4526x29079,2023-03-04,
D00795,Dr. Raees Tajammul,Pediatrics,DEP06,H01,975.944.7312X26656,2023-01-05,2023-10-01
D00796,Dr. Aalim Mcintyre,Cardiology,DEP04,H02,,2023-03-30,
D00797,Dr. ibraaheem Nelson,CARDIOLOGY,DEP05,H03,7295609939,2023-06-05,
D00798,Dr. talhah  sutton,cardiology,DEP08,H04,808-738-2804x919,2023-03-18,2023-11-23
D00799,dr. k@therine  ubaydullah,Orthopedics,DEP06,H01,410.912.6055,2023-01-19,2023-08-14
D00800,Dr.  Omeir  Morales_,Neurology,DEP01,H03,499.942.2249x23227,2023-04-11,
